name,fileName,emotion,episode
yawang,cropped_1,None,epi7
yawang,cropped_10,sad,epi7
yawang,cropped_100,sad,epi7
yawang,cropped_11,None,epi7
yawang,cropped_12,happy,epi7
yawang,cropped_13,fear,epi7
yawang,cropped_14,fear,epi7
yawang,cropped_15,fear,epi7
yawang,cropped_16,None,epi7
yawang,cropped_17,None,epi7
yawang,cropped_18,fear,epi7
yawang,cropped_19,None,epi7
yawang,cropped_2,happy,epi7
yawang,cropped_20,None,epi7
yawang,cropped_21,happy,epi7
yawang,cropped_22,surprise,epi7
yawang,cropped_23,None,epi7
yawang,cropped_24,None,epi7
yawang,cropped_25,surprise,epi7
yawang,cropped_26,angry,epi7
yawang,cropped_27,sad,epi7
yawang,cropped_28,sad,epi7
yawang,cropped_29,angry,epi7
yawang,cropped_3,sad,epi7
yawang,cropped_30,disgust,epi7
yawang,cropped_31,surprise,epi7
yawang,cropped_32,fear,epi7
yawang,cropped_33,None,epi7
yawang,cropped_34,happy,epi7
yawang,cropped_35,sad,epi7
yawang,cropped_36,None,epi7
yawang,cropped_37,sad,epi7
yawang,cropped_38,fear,epi7
yawang,cropped_39,surprise,epi7
yawang,cropped_4,None,epi7
yawang,cropped_40,sad,epi7
yawang,cropped_41,sad,epi7
yawang,cropped_42,happy,epi7
yawang,cropped_43,sad,epi7
yawang,cropped_44,sad,epi7
yawang,cropped_45,sad,epi7
yawang,cropped_46,surprise,epi7
yawang,cropped_47,surprise,epi7
yawang,cropped_48,fear,epi7
yawang,cropped_49,happy,epi7
yawang,cropped_5,None,epi7
yawang,cropped_50,fear,epi7
yawang,cropped_51,sad,epi7
yawang,cropped_52,sad,epi7
yawang,cropped_53,sad,epi7
yawang,cropped_54,None,epi7
yawang,cropped_55,fear,epi7
yawang,cropped_56,None,epi7
yawang,cropped_57,sad,epi7
yawang,cropped_58,sad,epi7
yawang,cropped_59,fear,epi7
yawang,cropped_6,sad,epi7
yawang,cropped_60,happy,epi7
yawang,cropped_61,fear,epi7
yawang,cropped_62,angry,epi7
yawang,cropped_63,sad,epi7
yawang,cropped_64,fear,epi7
yawang,cropped_65,fear,epi7
yawang,cropped_66,None,epi7
yawang,cropped_67,None,epi7
yawang,cropped_68,sad,epi7
yawang,cropped_69,angry,epi7
yawang,cropped_7,fear,epi7
yawang,cropped_70,None,epi7
yawang,cropped_71,fear,epi7
yawang,cropped_72,happy,epi7
yawang,cropped_73,sad,epi7
yawang,cropped_74,happy,epi7
yawang,cropped_75,fear,epi7
yawang,cropped_76,angry,epi7
yawang,cropped_77,sad,epi7
yawang,cropped_78,None,epi7
yawang,cropped_79,angry,epi7
yawang,cropped_8,sad,epi7
yawang,cropped_80,sad,epi7
yawang,cropped_81,sad,epi7
yawang,cropped_82,fear,epi7
yawang,cropped_83,sad,epi7
yawang,cropped_84,happy,epi7
yawang,cropped_85,None,epi7
yawang,cropped_86,fear,epi7
yawang,cropped_87,sad,epi7
yawang,cropped_88,surprise,epi7
yawang,cropped_89,None,epi7
yawang,cropped_9,happy,epi7
yawang,cropped_90,sad,epi7
yawang,cropped_91,sad,epi7
yawang,cropped_92,happy,epi7
yawang,cropped_93,happy,epi7
yawang,cropped_94,None,epi7
yawang,cropped_95,happy,epi7
yawang,cropped_96,None,epi7
yawang,cropped_97,None,epi7
yawang,cropped_98,happy,epi7
yawang,cropped_99,fear,epi7
yawang,cropped_1,fear,epi9
yawang,cropped_10,None,epi9
yawang,cropped_100,angry,epi9
yawang,cropped_11,sad,epi9
yawang,cropped_12,happy,epi9
yawang,cropped_13,angry,epi9
yawang,cropped_14,surprise,epi9
yawang,cropped_15,happy,epi9
yawang,cropped_16,happy,epi9
yawang,cropped_17,happy,epi9
yawang,cropped_18,sad,epi9
yawang,cropped_19,happy,epi9
yawang,cropped_2,sad,epi9
yawang,cropped_20,sad,epi9
yawang,cropped_21,happy,epi9
yawang,cropped_22,sad,epi9
yawang,cropped_23,None,epi9
yawang,cropped_24,None,epi9
yawang,cropped_25,happy,epi9
yawang,cropped_26,None,epi9
yawang,cropped_27,None,epi9
yawang,cropped_28,angry,epi9
yawang,cropped_29,angry,epi9
yawang,cropped_3,None,epi9
yawang,cropped_30,disgust,epi9
yawang,cropped_31,angry,epi9
yawang,cropped_32,sad,epi9
yawang,cropped_33,happy,epi9
yawang,cropped_34,fear,epi9
yawang,cropped_35,sad,epi9
yawang,cropped_36,angry,epi9
yawang,cropped_37,sad,epi9
yawang,cropped_38,surprise,epi9
yawang,cropped_39,happy,epi9
yawang,cropped_4,surprise,epi9
yawang,cropped_40,sad,epi9
yawang,cropped_41,fear,epi9
yawang,cropped_42,sad,epi9
yawang,cropped_43,sad,epi9
yawang,cropped_44,happy,epi9
yawang,cropped_45,None,epi9
yawang,cropped_46,happy,epi9
yawang,cropped_47,sad,epi9
yawang,cropped_48,None,epi9
yawang,cropped_49,fear,epi9
yawang,cropped_5,surprise,epi9
yawang,cropped_50,angry,epi9
yawang,cropped_51,None,epi9
yawang,cropped_52,sad,epi9
yawang,cropped_53,sad,epi9
yawang,cropped_54,None,epi9
yawang,cropped_55,None,epi9
yawang,cropped_56,None,epi9
yawang,cropped_57,sad,epi9
yawang,cropped_58,happy,epi9
yawang,cropped_59,sad,epi9
yawang,cropped_6,None,epi9
yawang,cropped_60,sad,epi9
yawang,cropped_61,surprise,epi9
yawang,cropped_62,sad,epi9
yawang,cropped_63,sad,epi9
yawang,cropped_64,fear,epi9
yawang,cropped_65,fear,epi9
yawang,cropped_66,sad,epi9
yawang,cropped_67,fear,epi9
yawang,cropped_68,fear,epi9
yawang,cropped_69,fear,epi9
yawang,cropped_7,None,epi9
yawang,cropped_70,happy,epi9
yawang,cropped_71,sad,epi9
yawang,cropped_72,happy,epi9
yawang,cropped_73,None,epi9
yawang,cropped_74,angry,epi9
yawang,cropped_75,surprise,epi9
yawang,cropped_76,None,epi9
yawang,cropped_77,happy,epi9
yawang,cropped_78,None,epi9
yawang,cropped_79,sad,epi9
yawang,cropped_8,None,epi9
yawang,cropped_80,happy,epi9
yawang,cropped_81,sad,epi9
yawang,cropped_82,sad,epi9
yawang,cropped_83,fear,epi9
yawang,cropped_84,sad,epi9
yawang,cropped_85,sad,epi9
yawang,cropped_86,sad,epi9
yawang,cropped_87,sad,epi9
yawang,cropped_88,happy,epi9
yawang,cropped_89,angry,epi9
yawang,cropped_9,None,epi9
yawang,cropped_90,sad,epi9
yawang,cropped_91,angry,epi9
yawang,cropped_92,fear,epi9
yawang,cropped_93,None,epi9
yawang,cropped_94,None,epi9
yawang,cropped_95,None,epi9
yawang,cropped_96,happy,epi9
yawang,cropped_97,fear,epi9
yawang,cropped_98,happy,epi9
yawang,cropped_99,None,epi9
yawang,cropped_1,sad,epi8
yawang,cropped_10,None,epi8
yawang,cropped_100,None,epi8
yawang,cropped_11,sad,epi8
yawang,cropped_12,None,epi8
yawang,cropped_13,disgust,epi8
yawang,cropped_14,None,epi8
yawang,cropped_15,angry,epi8
yawang,cropped_16,fear,epi8
yawang,cropped_17,sad,epi8
yawang,cropped_18,happy,epi8
yawang,cropped_19,sad,epi8
yawang,cropped_2,fear,epi8
yawang,cropped_20,sad,epi8
yawang,cropped_21,None,epi8
yawang,cropped_22,sad,epi8
yawang,cropped_23,fear,epi8
yawang,cropped_24,fear,epi8
yawang,cropped_25,None,epi8
yawang,cropped_26,happy,epi8
yawang,cropped_27,fear,epi8
yawang,cropped_28,None,epi8
yawang,cropped_29,None,epi8
yawang,cropped_3,sad,epi8
yawang,cropped_30,angry,epi8
yawang,cropped_31,None,epi8
yawang,cropped_32,sad,epi8
yawang,cropped_33,happy,epi8
yawang,cropped_34,fear,epi8
yawang,cropped_35,None,epi8
yawang,cropped_36,None,epi8
yawang,cropped_37,happy,epi8
yawang,cropped_38,happy,epi8
yawang,cropped_39,happy,epi8
yawang,cropped_4,happy,epi8
yawang,cropped_40,happy,epi8
yawang,cropped_41,happy,epi8
yawang,cropped_42,angry,epi8
yawang,cropped_43,fear,epi8
yawang,cropped_44,fear,epi8
yawang,cropped_45,sad,epi8
yawang,cropped_46,fear,epi8
yawang,cropped_47,sad,epi8
yawang,cropped_48,sad,epi8
yawang,cropped_49,None,epi8
yawang,cropped_5,sad,epi8
yawang,cropped_50,fear,epi8
yawang,cropped_51,None,epi8
yawang,cropped_52,None,epi8
yawang,cropped_53,sad,epi8
yawang,cropped_54,None,epi8
yawang,cropped_55,sad,epi8
yawang,cropped_56,None,epi8
yawang,cropped_57,None,epi8
yawang,cropped_58,None,epi8
yawang,cropped_59,fear,epi8
yawang,cropped_6,sad,epi8
yawang,cropped_60,None,epi8
yawang,cropped_61,fear,epi8
yawang,cropped_62,sad,epi8
yawang,cropped_63,None,epi8
yawang,cropped_64,sad,epi8
yawang,cropped_65,None,epi8
yawang,cropped_66,sad,epi8
yawang,cropped_67,sad,epi8
yawang,cropped_68,happy,epi8
yawang,cropped_69,None,epi8
yawang,cropped_7,fear,epi8
yawang,cropped_70,fear,epi8
yawang,cropped_71,sad,epi8
yawang,cropped_72,fear,epi8
yawang,cropped_73,fear,epi8
yawang,cropped_74,sad,epi8
yawang,cropped_75,happy,epi8
yawang,cropped_76,happy,epi8
yawang,cropped_77,happy,epi8
yawang,cropped_78,sad,epi8
yawang,cropped_79,fear,epi8
yawang,cropped_8,happy,epi8
yawang,cropped_80,fear,epi8
yawang,cropped_81,fear,epi8
yawang,cropped_82,sad,epi8
yawang,cropped_83,fear,epi8
yawang,cropped_84,surprise,epi8
yawang,cropped_85,sad,epi8
yawang,cropped_86,fear,epi8
yawang,cropped_87,fear,epi8
yawang,cropped_88,happy,epi8
yawang,cropped_89,fear,epi8
yawang,cropped_9,happy,epi8
yawang,cropped_90,happy,epi8
yawang,cropped_91,sad,epi8
yawang,cropped_92,angry,epi8
yawang,cropped_93,happy,epi8
yawang,cropped_94,happy,epi8
yawang,cropped_95,fear,epi8
yawang,cropped_96,angry,epi8
yawang,cropped_97,angry,epi8
yawang,cropped_98,sad,epi8
yawang,cropped_99,sad,epi8
yawang,cropped_1,fear,epi6
yawang,cropped_10,sad,epi6
yawang,cropped_100,happy,epi6
yawang,cropped_11,sad,epi6
yawang,cropped_12,sad,epi6
yawang,cropped_13,happy,epi6
yawang,cropped_14,sad,epi6
yawang,cropped_15,happy,epi6
yawang,cropped_16,fear,epi6
yawang,cropped_17,sad,epi6
yawang,cropped_18,fear,epi6
yawang,cropped_19,None,epi6
yawang,cropped_2,None,epi6
yawang,cropped_20,happy,epi6
yawang,cropped_21,None,epi6
yawang,cropped_22,sad,epi6
yawang,cropped_23,None,epi6
yawang,cropped_24,fear,epi6
yawang,cropped_25,sad,epi6
yawang,cropped_26,fear,epi6
yawang,cropped_27,fear,epi6
yawang,cropped_28,sad,epi6
yawang,cropped_29,sad,epi6
yawang,cropped_3,None,epi6
yawang,cropped_30,None,epi6
yawang,cropped_31,None,epi6
yawang,cropped_32,fear,epi6
yawang,cropped_33,sad,epi6
yawang,cropped_34,None,epi6
yawang,cropped_35,sad,epi6
yawang,cropped_36,sad,epi6
yawang,cropped_37,sad,epi6
yawang,cropped_38,disgust,epi6
yawang,cropped_39,surprise,epi6
yawang,cropped_4,None,epi6
yawang,cropped_40,sad,epi6
yawang,cropped_41,sad,epi6
yawang,cropped_42,happy,epi6
yawang,cropped_43,sad,epi6
yawang,cropped_44,sad,epi6
yawang,cropped_45,sad,epi6
yawang,cropped_46,sad,epi6
yawang,cropped_47,sad,epi6
yawang,cropped_48,sad,epi6
yawang,cropped_49,happy,epi6
yawang,cropped_5,fear,epi6
yawang,cropped_50,sad,epi6
yawang,cropped_51,sad,epi6
yawang,cropped_52,sad,epi6
yawang,cropped_53,sad,epi6
yawang,cropped_54,sad,epi6
yawang,cropped_55,sad,epi6
yawang,cropped_56,sad,epi6
yawang,cropped_57,fear,epi6
yawang,cropped_58,fear,epi6
yawang,cropped_59,sad,epi6
yawang,cropped_6,fear,epi6
yawang,cropped_60,fear,epi6
yawang,cropped_61,happy,epi6
yawang,cropped_62,sad,epi6
yawang,cropped_63,None,epi6
yawang,cropped_64,fear,epi6
yawang,cropped_65,angry,epi6
yawang,cropped_66,fear,epi6
yawang,cropped_67,fear,epi6
yawang,cropped_68,None,epi6
yawang,cropped_69,None,epi6
yawang,cropped_7,fear,epi6
yawang,cropped_70,sad,epi6
yawang,cropped_71,sad,epi6
yawang,cropped_72,None,epi6
yawang,cropped_73,surprise,epi6
yawang,cropped_74,sad,epi6
yawang,cropped_75,happy,epi6
yawang,cropped_76,None,epi6
yawang,cropped_77,sad,epi6
yawang,cropped_78,None,epi6
yawang,cropped_79,sad,epi6
yawang,cropped_8,None,epi6
yawang,cropped_80,fear,epi6
yawang,cropped_81,angry,epi6
yawang,cropped_82,sad,epi6
yawang,cropped_83,happy,epi6
yawang,cropped_84,sad,epi6
yawang,cropped_85,surprise,epi6
yawang,cropped_86,None,epi6
yawang,cropped_87,sad,epi6
yawang,cropped_88,sad,epi6
yawang,cropped_89,None,epi6
yawang,cropped_9,sad,epi6
yawang,cropped_90,fear,epi6
yawang,cropped_91,None,epi6
yawang,cropped_92,None,epi6
yawang,cropped_93,None,epi6
yawang,cropped_94,surprise,epi6
yawang,cropped_95,fear,epi6
yawang,cropped_96,sad,epi6
yawang,cropped_97,fear,epi6
yawang,cropped_98,sad,epi6
yawang,cropped_99,surprise,epi6
yawang,cropped_1,fear,epi1
yawang,cropped_10,fear,epi1
yawang,cropped_100,happy,epi1
yawang,cropped_101,None,epi1
yawang,cropped_11,sad,epi1
yawang,cropped_12,sad,epi1
yawang,cropped_13,sad,epi1
yawang,cropped_14,sad,epi1
yawang,cropped_15,sad,epi1
yawang,cropped_17,None,epi1
yawang,cropped_18,None,epi1
yawang,cropped_19,None,epi1
yawang,cropped_2,sad,epi1
yawang,cropped_20,None,epi1
yawang,cropped_21,sad,epi1
yawang,cropped_22,sad,epi1
yawang,cropped_23,fear,epi1
yawang,cropped_24,surprise,epi1
yawang,cropped_25,None,epi1
yawang,cropped_26,sad,epi1
yawang,cropped_27,None,epi1
yawang,cropped_28,happy,epi1
yawang,cropped_29,surprise,epi1
yawang,cropped_3,fear,epi1
yawang,cropped_30,sad,epi1
yawang,cropped_31,sad,epi1
yawang,cropped_32,sad,epi1
yawang,cropped_33,sad,epi1
yawang,cropped_34,None,epi1
yawang,cropped_35,sad,epi1
yawang,cropped_36,sad,epi1
yawang,cropped_37,sad,epi1
yawang,cropped_38,sad,epi1
yawang,cropped_39,sad,epi1
yawang,cropped_4,sad,epi1
yawang,cropped_40,sad,epi1
yawang,cropped_41,sad,epi1
yawang,cropped_42,None,epi1
yawang,cropped_43,happy,epi1
yawang,cropped_44,None,epi1
yawang,cropped_45,sad,epi1
yawang,cropped_46,None,epi1
yawang,cropped_48,sad,epi1
yawang,cropped_49,sad,epi1
yawang,cropped_5,happy,epi1
yawang,cropped_50,fear,epi1
yawang,cropped_51,sad,epi1
yawang,cropped_52,fear,epi1
yawang,cropped_53,None,epi1
yawang,cropped_54,happy,epi1
yawang,cropped_55,sad,epi1
yawang,cropped_56,sad,epi1
yawang,cropped_57,sad,epi1
yawang,cropped_58,sad,epi1
yawang,cropped_59,None,epi1
yawang,cropped_6,fear,epi1
yawang,cropped_60,sad,epi1
yawang,cropped_61,None,epi1
yawang,cropped_62,fear,epi1
yawang,cropped_63,fear,epi1
yawang,cropped_64,fear,epi1
yawang,cropped_65,angry,epi1
yawang,cropped_66,fear,epi1
yawang,cropped_67,happy,epi1
yawang,cropped_68,None,epi1
yawang,cropped_69,None,epi1
yawang,cropped_7,None,epi1
yawang,cropped_70,sad,epi1
yawang,cropped_72,sad,epi1
yawang,cropped_73,sad,epi1
yawang,cropped_74,fear,epi1
yawang,cropped_75,happy,epi1
yawang,cropped_76,happy,epi1
yawang,cropped_77,sad,epi1
yawang,cropped_78,None,epi1
yawang,cropped_79,sad,epi1
yawang,cropped_8,None,epi1
yawang,cropped_80,None,epi1
yawang,cropped_81,None,epi1
yawang,cropped_82,disgust,epi1
yawang,cropped_83,None,epi1
yawang,cropped_84,sad,epi1
yawang,cropped_85,fear,epi1
yawang,cropped_86,sad,epi1
yawang,cropped_87,surprise,epi1
yawang,cropped_88,sad,epi1
yawang,cropped_89,sad,epi1
yawang,cropped_9,fear,epi1
yawang,cropped_90,surprise,epi1
yawang,cropped_91,None,epi1
yawang,cropped_92,sad,epi1
yawang,cropped_93,surprise,epi1
yawang,cropped_94,sad,epi1
yawang,cropped_95,happy,epi1
yawang,cropped_96,sad,epi1
yawang,cropped_97,happy,epi1
yawang,cropped_98,None,epi1
yawang,cropped_99,None,epi1
yawang,cropped_1,happy,epi23
yawang,cropped_10,sad,epi23
yawang,cropped_100,sad,epi23
yawang,cropped_11,sad,epi23
yawang,cropped_12,fear,epi23
yawang,cropped_13,angry,epi23
yawang,cropped_14,None,epi23
yawang,cropped_15,None,epi23
yawang,cropped_16,happy,epi23
yawang,cropped_17,sad,epi23
yawang,cropped_18,happy,epi23
yawang,cropped_19,sad,epi23
yawang,cropped_2,fear,epi23
yawang,cropped_20,happy,epi23
yawang,cropped_21,surprise,epi23
yawang,cropped_22,angry,epi23
yawang,cropped_23,happy,epi23
yawang,cropped_24,surprise,epi23
yawang,cropped_25,sad,epi23
yawang,cropped_26,None,epi23
yawang,cropped_27,None,epi23
yawang,cropped_28,happy,epi23
yawang,cropped_29,happy,epi23
yawang,cropped_3,None,epi23
yawang,cropped_30,fear,epi23
yawang,cropped_31,None,epi23
yawang,cropped_32,happy,epi23
yawang,cropped_33,sad,epi23
yawang,cropped_34,None,epi23
yawang,cropped_35,None,epi23
yawang,cropped_36,sad,epi23
yawang,cropped_37,sad,epi23
yawang,cropped_38,sad,epi23
yawang,cropped_39,sad,epi23
yawang,cropped_4,sad,epi23
yawang,cropped_40,sad,epi23
yawang,cropped_41,sad,epi23
yawang,cropped_42,sad,epi23
yawang,cropped_43,angry,epi23
yawang,cropped_44,None,epi23
yawang,cropped_45,sad,epi23
yawang,cropped_46,surprise,epi23
yawang,cropped_47,sad,epi23
yawang,cropped_48,happy,epi23
yawang,cropped_49,None,epi23
yawang,cropped_5,fear,epi23
yawang,cropped_50,None,epi23
yawang,cropped_51,sad,epi23
yawang,cropped_52,happy,epi23
yawang,cropped_53,fear,epi23
yawang,cropped_54,fear,epi23
yawang,cropped_55,sad,epi23
yawang,cropped_56,fear,epi23
yawang,cropped_57,surprise,epi23
yawang,cropped_58,sad,epi23
yawang,cropped_59,fear,epi23
yawang,cropped_6,fear,epi23
yawang,cropped_60,sad,epi23
yawang,cropped_61,sad,epi23
yawang,cropped_62,happy,epi23
yawang,cropped_63,happy,epi23
yawang,cropped_64,happy,epi23
yawang,cropped_65,fear,epi23
yawang,cropped_66,fear,epi23
yawang,cropped_67,sad,epi23
yawang,cropped_68,None,epi23
yawang,cropped_69,sad,epi23
yawang,cropped_7,None,epi23
yawang,cropped_70,sad,epi23
yawang,cropped_71,angry,epi23
yawang,cropped_72,None,epi23
yawang,cropped_73,happy,epi23
yawang,cropped_74,sad,epi23
yawang,cropped_75,None,epi23
yawang,cropped_76,sad,epi23
yawang,cropped_77,angry,epi23
yawang,cropped_78,sad,epi23
yawang,cropped_79,sad,epi23
yawang,cropped_8,sad,epi23
yawang,cropped_80,sad,epi23
yawang,cropped_81,sad,epi23
yawang,cropped_82,sad,epi23
yawang,cropped_83,sad,epi23
yawang,cropped_84,happy,epi23
yawang,cropped_85,sad,epi23
yawang,cropped_86,None,epi23
yawang,cropped_87,surprise,epi23
yawang,cropped_88,sad,epi23
yawang,cropped_89,sad,epi23
yawang,cropped_9,fear,epi23
yawang,cropped_90,surprise,epi23
yawang,cropped_91,angry,epi23
yawang,cropped_92,happy,epi23
yawang,cropped_93,fear,epi23
yawang,cropped_94,sad,epi23
yawang,cropped_95,surprise,epi23
yawang,cropped_96,None,epi23
yawang,cropped_97,happy,epi23
yawang,cropped_98,sad,epi23
yawang,cropped_99,happy,epi23
yawang,cropped_1,sad,epi24
yawang,cropped_10,fear,epi24
yawang,cropped_100,None,epi24
yawang,cropped_11,None,epi24
yawang,cropped_12,happy,epi24
yawang,cropped_13,fear,epi24
yawang,cropped_14,None,epi24
yawang,cropped_15,angry,epi24
yawang,cropped_16,fear,epi24
yawang,cropped_17,surprise,epi24
yawang,cropped_18,fear,epi24
yawang,cropped_19,sad,epi24
yawang,cropped_2,fear,epi24
yawang,cropped_20,None,epi24
yawang,cropped_21,None,epi24
yawang,cropped_22,sad,epi24
yawang,cropped_23,fear,epi24
yawang,cropped_24,sad,epi24
yawang,cropped_25,sad,epi24
yawang,cropped_26,sad,epi24
yawang,cropped_27,fear,epi24
yawang,cropped_28,fear,epi24
yawang,cropped_29,surprise,epi24
yawang,cropped_3,angry,epi24
yawang,cropped_30,happy,epi24
yawang,cropped_31,sad,epi24
yawang,cropped_32,fear,epi24
yawang,cropped_33,happy,epi24
yawang,cropped_34,happy,epi24
yawang,cropped_35,sad,epi24
yawang,cropped_36,sad,epi24
yawang,cropped_37,None,epi24
yawang,cropped_38,fear,epi24
yawang,cropped_39,surprise,epi24
yawang,cropped_4,None,epi24
yawang,cropped_40,None,epi24
yawang,cropped_41,sad,epi24
yawang,cropped_42,fear,epi24
yawang,cropped_43,happy,epi24
yawang,cropped_44,sad,epi24
yawang,cropped_45,fear,epi24
yawang,cropped_46,fear,epi24
yawang,cropped_47,None,epi24
yawang,cropped_48,happy,epi24
yawang,cropped_49,fear,epi24
yawang,cropped_5,sad,epi24
yawang,cropped_50,sad,epi24
yawang,cropped_51,sad,epi24
yawang,cropped_52,None,epi24
yawang,cropped_53,None,epi24
yawang,cropped_54,fear,epi24
yawang,cropped_55,None,epi24
yawang,cropped_56,sad,epi24
yawang,cropped_57,sad,epi24
yawang,cropped_58,angry,epi24
yawang,cropped_59,sad,epi24
yawang,cropped_6,sad,epi24
yawang,cropped_60,sad,epi24
yawang,cropped_61,sad,epi24
yawang,cropped_62,None,epi24
yawang,cropped_63,happy,epi24
yawang,cropped_64,None,epi24
yawang,cropped_65,sad,epi24
yawang,cropped_66,fear,epi24
yawang,cropped_67,sad,epi24
yawang,cropped_68,None,epi24
yawang,cropped_69,sad,epi24
yawang,cropped_7,sad,epi24
yawang,cropped_70,fear,epi24
yawang,cropped_71,surprise,epi24
yawang,cropped_72,sad,epi24
yawang,cropped_73,sad,epi24
yawang,cropped_74,happy,epi24
yawang,cropped_75,None,epi24
yawang,cropped_76,fear,epi24
yawang,cropped_77,None,epi24
yawang,cropped_78,None,epi24
yawang,cropped_79,surprise,epi24
yawang,cropped_8,happy,epi24
yawang,cropped_80,fear,epi24
yawang,cropped_81,fear,epi24
yawang,cropped_82,sad,epi24
yawang,cropped_83,sad,epi24
yawang,cropped_84,None,epi24
yawang,cropped_85,disgust,epi24
yawang,cropped_86,None,epi24
yawang,cropped_87,sad,epi24
yawang,cropped_88,happy,epi24
yawang,cropped_89,None,epi24
yawang,cropped_9,happy,epi24
yawang,cropped_90,fear,epi24
yawang,cropped_91,sad,epi24
yawang,cropped_92,None,epi24
yawang,cropped_93,sad,epi24
yawang,cropped_94,fear,epi24
yawang,cropped_95,None,epi24
yawang,cropped_96,sad,epi24
yawang,cropped_97,sad,epi24
yawang,cropped_98,sad,epi24
yawang,cropped_99,sad,epi24
yawang,cropped_1,happy,epi12
yawang,cropped_10,None,epi12
yawang,cropped_100,None,epi12
yawang,cropped_11,happy,epi12
yawang,cropped_12,happy,epi12
yawang,cropped_13,None,epi12
yawang,cropped_14,sad,epi12
yawang,cropped_15,happy,epi12
yawang,cropped_16,None,epi12
yawang,cropped_17,None,epi12
yawang,cropped_18,sad,epi12
yawang,cropped_19,sad,epi12
yawang,cropped_2,happy,epi12
yawang,cropped_20,happy,epi12
yawang,cropped_21,angry,epi12
yawang,cropped_22,happy,epi12
yawang,cropped_23,None,epi12
yawang,cropped_24,fear,epi12
yawang,cropped_25,sad,epi12
yawang,cropped_26,surprise,epi12
yawang,cropped_27,sad,epi12
yawang,cropped_28,happy,epi12
yawang,cropped_29,sad,epi12
yawang,cropped_3,sad,epi12
yawang,cropped_30,fear,epi12
yawang,cropped_31,sad,epi12
yawang,cropped_32,fear,epi12
yawang,cropped_33,sad,epi12
yawang,cropped_34,surprise,epi12
yawang,cropped_35,sad,epi12
yawang,cropped_36,surprise,epi12
yawang,cropped_37,happy,epi12
yawang,cropped_38,fear,epi12
yawang,cropped_39,None,epi12
yawang,cropped_4,sad,epi12
yawang,cropped_40,happy,epi12
yawang,cropped_41,surprise,epi12
yawang,cropped_42,fear,epi12
yawang,cropped_43,None,epi12
yawang,cropped_44,sad,epi12
yawang,cropped_45,happy,epi12
yawang,cropped_46,sad,epi12
yawang,cropped_47,sad,epi12
yawang,cropped_48,sad,epi12
yawang,cropped_49,happy,epi12
yawang,cropped_5,sad,epi12
yawang,cropped_50,happy,epi12
yawang,cropped_51,fear,epi12
yawang,cropped_52,fear,epi12
yawang,cropped_53,fear,epi12
yawang,cropped_54,sad,epi12
yawang,cropped_55,sad,epi12
yawang,cropped_56,fear,epi12
yawang,cropped_57,sad,epi12
yawang,cropped_58,fear,epi12
yawang,cropped_59,happy,epi12
yawang,cropped_6,happy,epi12
yawang,cropped_60,happy,epi12
yawang,cropped_61,None,epi12
yawang,cropped_62,fear,epi12
yawang,cropped_63,sad,epi12
yawang,cropped_64,None,epi12
yawang,cropped_65,fear,epi12
yawang,cropped_66,fear,epi12
yawang,cropped_67,sad,epi12
yawang,cropped_68,sad,epi12
yawang,cropped_69,fear,epi12
yawang,cropped_7,happy,epi12
yawang,cropped_70,happy,epi12
yawang,cropped_71,sad,epi12
yawang,cropped_72,sad,epi12
yawang,cropped_73,happy,epi12
yawang,cropped_74,angry,epi12
yawang,cropped_75,happy,epi12
yawang,cropped_76,fear,epi12
yawang,cropped_77,sad,epi12
yawang,cropped_78,None,epi12
yawang,cropped_79,sad,epi12
yawang,cropped_8,fear,epi12
yawang,cropped_80,sad,epi12
yawang,cropped_81,fear,epi12
yawang,cropped_82,sad,epi12
yawang,cropped_83,fear,epi12
yawang,cropped_84,fear,epi12
yawang,cropped_85,sad,epi12
yawang,cropped_86,None,epi12
yawang,cropped_87,angry,epi12
yawang,cropped_88,happy,epi12
yawang,cropped_89,happy,epi12
yawang,cropped_9,happy,epi12
yawang,cropped_90,sad,epi12
yawang,cropped_91,sad,epi12
yawang,cropped_92,sad,epi12
yawang,cropped_93,happy,epi12
yawang,cropped_94,sad,epi12
yawang,cropped_95,surprise,epi12
yawang,cropped_96,sad,epi12
yawang,cropped_97,surprise,epi12
yawang,cropped_98,fear,epi12
yawang,cropped_99,sad,epi12
yawang,cropped_1,None,epi15
yawang,cropped_10,happy,epi15
yawang,cropped_100,fear,epi15
yawang,cropped_11,happy,epi15
yawang,cropped_12,happy,epi15
yawang,cropped_13,surprise,epi15
yawang,cropped_14,happy,epi15
yawang,cropped_15,disgust,epi15
yawang,cropped_16,fear,epi15
yawang,cropped_17,angry,epi15
yawang,cropped_18,fear,epi15
yawang,cropped_19,fear,epi15
yawang,cropped_2,happy,epi15
yawang,cropped_20,happy,epi15
yawang,cropped_21,sad,epi15
yawang,cropped_22,angry,epi15
yawang,cropped_23,None,epi15
yawang,cropped_24,sad,epi15
yawang,cropped_25,angry,epi15
yawang,cropped_26,happy,epi15
yawang,cropped_27,sad,epi15
yawang,cropped_28,sad,epi15
yawang,cropped_29,angry,epi15
yawang,cropped_3,sad,epi15
yawang,cropped_30,happy,epi15
yawang,cropped_31,fear,epi15
yawang,cropped_32,happy,epi15
yawang,cropped_33,fear,epi15
yawang,cropped_34,sad,epi15
yawang,cropped_35,happy,epi15
yawang,cropped_36,happy,epi15
yawang,cropped_37,sad,epi15
yawang,cropped_38,sad,epi15
yawang,cropped_39,sad,epi15
yawang,cropped_4,sad,epi15
yawang,cropped_40,sad,epi15
yawang,cropped_41,happy,epi15
yawang,cropped_42,fear,epi15
yawang,cropped_43,sad,epi15
yawang,cropped_44,fear,epi15
yawang,cropped_45,sad,epi15
yawang,cropped_46,sad,epi15
yawang,cropped_47,sad,epi15
yawang,cropped_48,None,epi15
yawang,cropped_49,fear,epi15
yawang,cropped_5,sad,epi15
yawang,cropped_50,happy,epi15
yawang,cropped_51,None,epi15
yawang,cropped_52,happy,epi15
yawang,cropped_53,happy,epi15
yawang,cropped_54,happy,epi15
yawang,cropped_55,happy,epi15
yawang,cropped_56,fear,epi15
yawang,cropped_57,happy,epi15
yawang,cropped_58,happy,epi15
yawang,cropped_59,fear,epi15
yawang,cropped_6,fear,epi15
yawang,cropped_60,sad,epi15
yawang,cropped_61,angry,epi15
yawang,cropped_62,happy,epi15
yawang,cropped_63,fear,epi15
yawang,cropped_64,None,epi15
yawang,cropped_65,happy,epi15
yawang,cropped_66,None,epi15
yawang,cropped_67,fear,epi15
yawang,cropped_68,angry,epi15
yawang,cropped_69,sad,epi15
yawang,cropped_7,happy,epi15
yawang,cropped_70,happy,epi15
yawang,cropped_71,sad,epi15
yawang,cropped_72,sad,epi15
yawang,cropped_73,sad,epi15
yawang,cropped_74,sad,epi15
yawang,cropped_75,happy,epi15
yawang,cropped_76,sad,epi15
yawang,cropped_77,sad,epi15
yawang,cropped_78,sad,epi15
yawang,cropped_79,None,epi15
yawang,cropped_8,happy,epi15
yawang,cropped_80,happy,epi15
yawang,cropped_81,fear,epi15
yawang,cropped_82,angry,epi15
yawang,cropped_83,fear,epi15
yawang,cropped_84,sad,epi15
yawang,cropped_85,fear,epi15
yawang,cropped_86,fear,epi15
yawang,cropped_87,fear,epi15
yawang,cropped_88,sad,epi15
yawang,cropped_89,sad,epi15
yawang,cropped_9,sad,epi15
yawang,cropped_90,sad,epi15
yawang,cropped_91,happy,epi15
yawang,cropped_92,sad,epi15
yawang,cropped_93,fear,epi15
yawang,cropped_94,None,epi15
yawang,cropped_95,sad,epi15
yawang,cropped_96,fear,epi15
yawang,cropped_97,sad,epi15
yawang,cropped_98,fear,epi15
yawang,cropped_99,sad,epi15
yawang,cropped_1,sad,epi14
yawang,cropped_10,fear,epi14
yawang,cropped_100,None,epi14
yawang,cropped_11,sad,epi14
yawang,cropped_12,sad,epi14
yawang,cropped_13,sad,epi14
yawang,cropped_14,sad,epi14
yawang,cropped_15,fear,epi14
yawang,cropped_16,sad,epi14
yawang,cropped_17,happy,epi14
yawang,cropped_18,happy,epi14
yawang,cropped_19,sad,epi14
yawang,cropped_2,sad,epi14
yawang,cropped_20,fear,epi14
yawang,cropped_21,sad,epi14
yawang,cropped_22,sad,epi14
yawang,cropped_23,surprise,epi14
yawang,cropped_24,sad,epi14
yawang,cropped_25,fear,epi14
yawang,cropped_26,happy,epi14
yawang,cropped_27,None,epi14
yawang,cropped_28,happy,epi14
yawang,cropped_29,fear,epi14
yawang,cropped_3,surprise,epi14
yawang,cropped_30,sad,epi14
yawang,cropped_31,fear,epi14
yawang,cropped_32,None,epi14
yawang,cropped_33,None,epi14
yawang,cropped_34,sad,epi14
yawang,cropped_35,happy,epi14
yawang,cropped_36,fear,epi14
yawang,cropped_37,happy,epi14
yawang,cropped_38,sad,epi14
yawang,cropped_39,None,epi14
yawang,cropped_4,fear,epi14
yawang,cropped_40,sad,epi14
yawang,cropped_41,surprise,epi14
yawang,cropped_42,fear,epi14
yawang,cropped_43,fear,epi14
yawang,cropped_44,sad,epi14
yawang,cropped_45,None,epi14
yawang,cropped_46,sad,epi14
yawang,cropped_47,happy,epi14
yawang,cropped_48,sad,epi14
yawang,cropped_49,fear,epi14
yawang,cropped_5,happy,epi14
yawang,cropped_50,None,epi14
yawang,cropped_51,surprise,epi14
yawang,cropped_52,fear,epi14
yawang,cropped_53,happy,epi14
yawang,cropped_54,happy,epi14
yawang,cropped_55,None,epi14
yawang,cropped_56,None,epi14
yawang,cropped_57,happy,epi14
yawang,cropped_58,fear,epi14
yawang,cropped_59,sad,epi14
yawang,cropped_6,None,epi14
yawang,cropped_60,happy,epi14
yawang,cropped_61,happy,epi14
yawang,cropped_62,sad,epi14
yawang,cropped_63,happy,epi14
yawang,cropped_64,fear,epi14
yawang,cropped_65,happy,epi14
yawang,cropped_66,sad,epi14
yawang,cropped_67,happy,epi14
yawang,cropped_68,happy,epi14
yawang,cropped_69,sad,epi14
yawang,cropped_7,happy,epi14
yawang,cropped_70,None,epi14
yawang,cropped_71,angry,epi14
yawang,cropped_72,happy,epi14
yawang,cropped_73,fear,epi14
yawang,cropped_74,sad,epi14
yawang,cropped_75,None,epi14
yawang,cropped_76,sad,epi14
yawang,cropped_77,happy,epi14
yawang,cropped_78,happy,epi14
yawang,cropped_79,sad,epi14
yawang,cropped_8,None,epi14
yawang,cropped_80,happy,epi14
yawang,cropped_81,sad,epi14
yawang,cropped_82,sad,epi14
yawang,cropped_83,sad,epi14
yawang,cropped_84,fear,epi14
yawang,cropped_85,fear,epi14
yawang,cropped_86,happy,epi14
yawang,cropped_87,sad,epi14
yawang,cropped_88,sad,epi14
yawang,cropped_89,fear,epi14
yawang,cropped_9,sad,epi14
yawang,cropped_90,sad,epi14
yawang,cropped_91,sad,epi14
yawang,cropped_92,None,epi14
yawang,cropped_93,happy,epi14
yawang,cropped_94,happy,epi14
yawang,cropped_95,happy,epi14
yawang,cropped_96,sad,epi14
yawang,cropped_97,sad,epi14
yawang,cropped_98,fear,epi14
yawang,cropped_99,happy,epi14
yawang,cropped_1,happy,epi13
yawang,cropped_10,sad,epi13
yawang,cropped_100,sad,epi13
yawang,cropped_11,sad,epi13
yawang,cropped_12,happy,epi13
yawang,cropped_13,sad,epi13
yawang,cropped_14,sad,epi13
yawang,cropped_15,sad,epi13
yawang,cropped_16,None,epi13
yawang,cropped_17,surprise,epi13
yawang,cropped_18,sad,epi13
yawang,cropped_19,sad,epi13
yawang,cropped_2,None,epi13
yawang,cropped_20,sad,epi13
yawang,cropped_21,sad,epi13
yawang,cropped_22,angry,epi13
yawang,cropped_23,sad,epi13
yawang,cropped_24,fear,epi13
yawang,cropped_25,happy,epi13
yawang,cropped_26,happy,epi13
yawang,cropped_27,fear,epi13
yawang,cropped_28,happy,epi13
yawang,cropped_29,None,epi13
yawang,cropped_3,sad,epi13
yawang,cropped_30,None,epi13
yawang,cropped_31,sad,epi13
yawang,cropped_32,happy,epi13
yawang,cropped_33,sad,epi13
yawang,cropped_34,surprise,epi13
yawang,cropped_35,sad,epi13
yawang,cropped_36,sad,epi13
yawang,cropped_37,sad,epi13
yawang,cropped_38,sad,epi13
yawang,cropped_39,None,epi13
yawang,cropped_4,happy,epi13
yawang,cropped_40,None,epi13
yawang,cropped_41,None,epi13
yawang,cropped_42,fear,epi13
yawang,cropped_43,sad,epi13
yawang,cropped_44,None,epi13
yawang,cropped_45,sad,epi13
yawang,cropped_46,happy,epi13
yawang,cropped_47,happy,epi13
yawang,cropped_48,sad,epi13
yawang,cropped_49,happy,epi13
yawang,cropped_5,None,epi13
yawang,cropped_50,None,epi13
yawang,cropped_51,sad,epi13
yawang,cropped_52,sad,epi13
yawang,cropped_53,sad,epi13
yawang,cropped_54,sad,epi13
yawang,cropped_55,happy,epi13
yawang,cropped_56,None,epi13
yawang,cropped_57,happy,epi13
yawang,cropped_58,sad,epi13
yawang,cropped_59,sad,epi13
yawang,cropped_6,None,epi13
yawang,cropped_60,happy,epi13
yawang,cropped_61,fear,epi13
yawang,cropped_62,sad,epi13
yawang,cropped_63,sad,epi13
yawang,cropped_64,fear,epi13
yawang,cropped_65,sad,epi13
yawang,cropped_66,None,epi13
yawang,cropped_67,sad,epi13
yawang,cropped_68,fear,epi13
yawang,cropped_69,fear,epi13
yawang,cropped_7,fear,epi13
yawang,cropped_70,fear,epi13
yawang,cropped_71,None,epi13
yawang,cropped_72,sad,epi13
yawang,cropped_73,None,epi13
yawang,cropped_74,sad,epi13
yawang,cropped_75,sad,epi13
yawang,cropped_76,sad,epi13
yawang,cropped_77,happy,epi13
yawang,cropped_78,None,epi13
yawang,cropped_79,None,epi13
yawang,cropped_8,fear,epi13
yawang,cropped_80,sad,epi13
yawang,cropped_81,sad,epi13
yawang,cropped_82,fear,epi13
yawang,cropped_83,sad,epi13
yawang,cropped_84,None,epi13
yawang,cropped_85,None,epi13
yawang,cropped_86,happy,epi13
yawang,cropped_87,None,epi13
yawang,cropped_88,sad,epi13
yawang,cropped_89,fear,epi13
yawang,cropped_9,happy,epi13
yawang,cropped_90,sad,epi13
yawang,cropped_91,happy,epi13
yawang,cropped_92,surprise,epi13
yawang,cropped_93,happy,epi13
yawang,cropped_94,happy,epi13
yawang,cropped_95,fear,epi13
yawang,cropped_96,fear,epi13
yawang,cropped_97,fear,epi13
yawang,cropped_98,happy,epi13
yawang,cropped_99,sad,epi13
yawang,cropped_1,fear,epi22
yawang,cropped_10,sad,epi22
yawang,cropped_100,sad,epi22
yawang,cropped_11,None,epi22
yawang,cropped_12,fear,epi22
yawang,cropped_13,sad,epi22
yawang,cropped_14,sad,epi22
yawang,cropped_15,happy,epi22
yawang,cropped_16,sad,epi22
yawang,cropped_17,sad,epi22
yawang,cropped_18,happy,epi22
yawang,cropped_19,sad,epi22
yawang,cropped_2,sad,epi22
yawang,cropped_20,None,epi22
yawang,cropped_21,sad,epi22
yawang,cropped_22,happy,epi22
yawang,cropped_23,angry,epi22
yawang,cropped_24,happy,epi22
yawang,cropped_25,sad,epi22
yawang,cropped_26,sad,epi22
yawang,cropped_27,None,epi22
yawang,cropped_28,sad,epi22
yawang,cropped_29,sad,epi22
yawang,cropped_3,happy,epi22
yawang,cropped_30,sad,epi22
yawang,cropped_31,sad,epi22
yawang,cropped_32,fear,epi22
yawang,cropped_33,sad,epi22
yawang,cropped_34,sad,epi22
yawang,cropped_35,happy,epi22
yawang,cropped_36,happy,epi22
yawang,cropped_37,fear,epi22
yawang,cropped_38,happy,epi22
yawang,cropped_39,sad,epi22
yawang,cropped_4,angry,epi22
yawang,cropped_40,happy,epi22
yawang,cropped_41,surprise,epi22
yawang,cropped_42,sad,epi22
yawang,cropped_43,fear,epi22
yawang,cropped_44,sad,epi22
yawang,cropped_45,sad,epi22
yawang,cropped_46,sad,epi22
yawang,cropped_47,sad,epi22
yawang,cropped_48,sad,epi22
yawang,cropped_49,sad,epi22
yawang,cropped_5,None,epi22
yawang,cropped_50,happy,epi22
yawang,cropped_51,happy,epi22
yawang,cropped_52,sad,epi22
yawang,cropped_53,sad,epi22
yawang,cropped_54,happy,epi22
yawang,cropped_55,happy,epi22
yawang,cropped_56,sad,epi22
yawang,cropped_57,happy,epi22
yawang,cropped_58,sad,epi22
yawang,cropped_59,happy,epi22
yawang,cropped_6,sad,epi22
yawang,cropped_60,sad,epi22
yawang,cropped_61,sad,epi22
yawang,cropped_62,None,epi22
yawang,cropped_63,fear,epi22
yawang,cropped_64,disgust,epi22
yawang,cropped_65,sad,epi22
yawang,cropped_66,None,epi22
yawang,cropped_67,sad,epi22
yawang,cropped_68,sad,epi22
yawang,cropped_69,sad,epi22
yawang,cropped_7,happy,epi22
yawang,cropped_70,fear,epi22
yawang,cropped_71,None,epi22
yawang,cropped_72,angry,epi22
yawang,cropped_73,sad,epi22
yawang,cropped_74,sad,epi22
yawang,cropped_75,happy,epi22
yawang,cropped_76,sad,epi22
yawang,cropped_77,disgust,epi22
yawang,cropped_78,fear,epi22
yawang,cropped_79,sad,epi22
yawang,cropped_8,None,epi22
yawang,cropped_80,sad,epi22
yawang,cropped_81,sad,epi22
yawang,cropped_82,surprise,epi22
yawang,cropped_83,sad,epi22
yawang,cropped_84,None,epi22
yawang,cropped_85,fear,epi22
yawang,cropped_86,fear,epi22
yawang,cropped_87,happy,epi22
yawang,cropped_88,sad,epi22
yawang,cropped_89,sad,epi22
yawang,cropped_9,sad,epi22
yawang,cropped_90,None,epi22
yawang,cropped_91,sad,epi22
yawang,cropped_92,surprise,epi22
yawang,cropped_93,None,epi22
yawang,cropped_94,happy,epi22
yawang,cropped_95,surprise,epi22
yawang,cropped_96,happy,epi22
yawang,cropped_97,sad,epi22
yawang,cropped_98,sad,epi22
yawang,cropped_99,happy,epi22
yawang,cropped_1,fear,epi4
yawang,cropped_10,happy,epi4
yawang,cropped_100,sad,epi4
yawang,cropped_101,fear,epi4
yawang,cropped_102,sad,epi4
yawang,cropped_103,None,epi4
yawang,cropped_11,surprise,epi4
yawang,cropped_12,happy,epi4
yawang,cropped_13,happy,epi4
yawang,cropped_14,fear,epi4
yawang,cropped_15,fear,epi4
yawang,cropped_16,sad,epi4
yawang,cropped_17,happy,epi4
yawang,cropped_18,sad,epi4
yawang,cropped_19,sad,epi4
yawang,cropped_2,happy,epi4
yawang,cropped_20,happy,epi4
yawang,cropped_21,fear,epi4
yawang,cropped_22,sad,epi4
yawang,cropped_23,sad,epi4
yawang,cropped_24,None,epi4
yawang,cropped_25,happy,epi4
yawang,cropped_26,fear,epi4
yawang,cropped_27,sad,epi4
yawang,cropped_28,None,epi4
yawang,cropped_29,None,epi4
yawang,cropped_3,sad,epi4
yawang,cropped_30,disgust,epi4
yawang,cropped_31,sad,epi4
yawang,cropped_32,None,epi4
yawang,cropped_33,None,epi4
yawang,cropped_34,sad,epi4
yawang,cropped_35,happy,epi4
yawang,cropped_36,None,epi4
yawang,cropped_37,sad,epi4
yawang,cropped_38,happy,epi4
yawang,cropped_39,happy,epi4
yawang,cropped_4,None,epi4
yawang,cropped_40,None,epi4
yawang,cropped_41,happy,epi4
yawang,cropped_42,sad,epi4
yawang,cropped_43,sad,epi4
yawang,cropped_44,angry,epi4
yawang,cropped_45,None,epi4
yawang,cropped_46,fear,epi4
yawang,cropped_47,None,epi4
yawang,cropped_48,sad,epi4
yawang,cropped_49,fear,epi4
yawang,cropped_5,happy,epi4
yawang,cropped_50,angry,epi4
yawang,cropped_51,fear,epi4
yawang,cropped_52,fear,epi4
yawang,cropped_53,fear,epi4
yawang,cropped_54,sad,epi4
yawang,cropped_55,fear,epi4
yawang,cropped_56,angry,epi4
yawang,cropped_57,sad,epi4
yawang,cropped_58,happy,epi4
yawang,cropped_59,None,epi4
yawang,cropped_6,sad,epi4
yawang,cropped_60,None,epi4
yawang,cropped_61,sad,epi4
yawang,cropped_62,sad,epi4
yawang,cropped_63,None,epi4
yawang,cropped_64,sad,epi4
yawang,cropped_65,sad,epi4
yawang,cropped_66,fear,epi4
yawang,cropped_67,None,epi4
yawang,cropped_68,sad,epi4
yawang,cropped_69,sad,epi4
yawang,cropped_7,sad,epi4
yawang,cropped_70,fear,epi4
yawang,cropped_71,surprise,epi4
yawang,cropped_72,sad,epi4
yawang,cropped_73,sad,epi4
yawang,cropped_74,None,epi4
yawang,cropped_75,fear,epi4
yawang,cropped_76,sad,epi4
yawang,cropped_77,None,epi4
yawang,cropped_78,happy,epi4
yawang,cropped_79,sad,epi4
yawang,cropped_8,disgust,epi4
yawang,cropped_80,sad,epi4
yawang,cropped_81,sad,epi4
yawang,cropped_82,None,epi4
yawang,cropped_83,fear,epi4
yawang,cropped_84,angry,epi4
yawang,cropped_85,fear,epi4
yawang,cropped_86,None,epi4
yawang,cropped_87,sad,epi4
yawang,cropped_88,happy,epi4
yawang,cropped_89,sad,epi4
yawang,cropped_9,sad,epi4
yawang,cropped_90,fear,epi4
yawang,cropped_91,None,epi4
yawang,cropped_92,None,epi4
yawang,cropped_93,fear,epi4
yawang,cropped_94,None,epi4
yawang,cropped_95,happy,epi4
yawang,cropped_96,happy,epi4
yawang,cropped_97,fear,epi4
yawang,cropped_98,sad,epi4
yawang,cropped_1,sad,epi3
yawang,cropped_10,None,epi3
yawang,cropped_100,None,epi3
yawang,cropped_11,happy,epi3
yawang,cropped_12,None,epi3
yawang,cropped_13,angry,epi3
yawang,cropped_14,happy,epi3
yawang,cropped_15,None,epi3
yawang,cropped_16,sad,epi3
yawang,cropped_17,None,epi3
yawang,cropped_18,sad,epi3
yawang,cropped_19,sad,epi3
yawang,cropped_2,happy,epi3
yawang,cropped_20,sad,epi3
yawang,cropped_21,happy,epi3
yawang,cropped_22,happy,epi3
yawang,cropped_23,None,epi3
yawang,cropped_24,disgust,epi3
yawang,cropped_25,sad,epi3
yawang,cropped_26,angry,epi3
yawang,cropped_27,happy,epi3
yawang,cropped_28,fear,epi3
yawang,cropped_29,None,epi3
yawang,cropped_3,sad,epi3
yawang,cropped_30,happy,epi3
yawang,cropped_31,sad,epi3
yawang,cropped_32,happy,epi3
yawang,cropped_33,sad,epi3
yawang,cropped_34,fear,epi3
yawang,cropped_35,surprise,epi3
yawang,cropped_36,happy,epi3
yawang,cropped_37,happy,epi3
yawang,cropped_38,None,epi3
yawang,cropped_39,sad,epi3
yawang,cropped_4,happy,epi3
yawang,cropped_40,sad,epi3
yawang,cropped_41,sad,epi3
yawang,cropped_42,surprise,epi3
yawang,cropped_43,angry,epi3
yawang,cropped_44,sad,epi3
yawang,cropped_45,sad,epi3
yawang,cropped_46,None,epi3
yawang,cropped_47,None,epi3
yawang,cropped_48,fear,epi3
yawang,cropped_49,fear,epi3
yawang,cropped_5,happy,epi3
yawang,cropped_50,sad,epi3
yawang,cropped_51,disgust,epi3
yawang,cropped_52,sad,epi3
yawang,cropped_53,happy,epi3
yawang,cropped_54,angry,epi3
yawang,cropped_55,fear,epi3
yawang,cropped_56,fear,epi3
yawang,cropped_57,None,epi3
yawang,cropped_58,fear,epi3
yawang,cropped_59,fear,epi3
yawang,cropped_6,happy,epi3
yawang,cropped_60,happy,epi3
yawang,cropped_61,fear,epi3
yawang,cropped_62,angry,epi3
yawang,cropped_63,None,epi3
yawang,cropped_64,happy,epi3
yawang,cropped_65,sad,epi3
yawang,cropped_66,happy,epi3
yawang,cropped_67,sad,epi3
yawang,cropped_68,None,epi3
yawang,cropped_69,angry,epi3
yawang,cropped_7,sad,epi3
yawang,cropped_70,sad,epi3
yawang,cropped_71,sad,epi3
yawang,cropped_72,sad,epi3
yawang,cropped_73,fear,epi3
yawang,cropped_74,happy,epi3
yawang,cropped_75,None,epi3
yawang,cropped_76,happy,epi3
yawang,cropped_77,fear,epi3
yawang,cropped_78,sad,epi3
yawang,cropped_79,fear,epi3
yawang,cropped_8,fear,epi3
yawang,cropped_80,happy,epi3
yawang,cropped_81,happy,epi3
yawang,cropped_82,sad,epi3
yawang,cropped_83,sad,epi3
yawang,cropped_84,happy,epi3
yawang,cropped_85,sad,epi3
yawang,cropped_86,None,epi3
yawang,cropped_87,fear,epi3
yawang,cropped_88,fear,epi3
yawang,cropped_89,happy,epi3
yawang,cropped_9,sad,epi3
yawang,cropped_90,fear,epi3
yawang,cropped_91,angry,epi3
yawang,cropped_92,angry,epi3
yawang,cropped_93,None,epi3
yawang,cropped_94,sad,epi3
yawang,cropped_95,surprise,epi3
yawang,cropped_96,surprise,epi3
yawang,cropped_97,happy,epi3
yawang,cropped_98,sad,epi3
yawang,cropped_99,None,epi3
yawang,cropped_1,sad,epi2
yawang,cropped_10,None,epi2
yawang,cropped_100,sad,epi2
yawang,cropped_101,fear,epi2
yawang,cropped_102,None,epi2
yawang,cropped_103,None,epi2
yawang,cropped_104,None,epi2
yawang,cropped_11,None,epi2
yawang,cropped_12,None,epi2
yawang,cropped_13,happy,epi2
yawang,cropped_14,fear,epi2
yawang,cropped_15,sad,epi2
yawang,cropped_16,sad,epi2
yawang,cropped_17,sad,epi2
yawang,cropped_18,sad,epi2
yawang,cropped_19,sad,epi2
yawang,cropped_2,fear,epi2
yawang,cropped_20,sad,epi2
yawang,cropped_21,sad,epi2
yawang,cropped_22,sad,epi2
yawang,cropped_23,None,epi2
yawang,cropped_24,angry,epi2
yawang,cropped_25,happy,epi2
yawang,cropped_26,happy,epi2
yawang,cropped_27,sad,epi2
yawang,cropped_28,sad,epi2
yawang,cropped_29,None,epi2
yawang,cropped_3,sad,epi2
yawang,cropped_30,sad,epi2
yawang,cropped_31,sad,epi2
yawang,cropped_32,fear,epi2
yawang,cropped_33,sad,epi2
yawang,cropped_35,happy,epi2
yawang,cropped_36,fear,epi2
yawang,cropped_37,sad,epi2
yawang,cropped_38,fear,epi2
yawang,cropped_39,happy,epi2
yawang,cropped_4,None,epi2
yawang,cropped_40,fear,epi2
yawang,cropped_41,fear,epi2
yawang,cropped_42,fear,epi2
yawang,cropped_43,None,epi2
yawang,cropped_44,sad,epi2
yawang,cropped_45,None,epi2
yawang,cropped_46,sad,epi2
yawang,cropped_47,fear,epi2
yawang,cropped_48,fear,epi2
yawang,cropped_49,sad,epi2
yawang,cropped_5,None,epi2
yawang,cropped_50,None,epi2
yawang,cropped_51,sad,epi2
yawang,cropped_52,sad,epi2
yawang,cropped_53,fear,epi2
yawang,cropped_54,None,epi2
yawang,cropped_55,fear,epi2
yawang,cropped_56,happy,epi2
yawang,cropped_57,sad,epi2
yawang,cropped_58,happy,epi2
yawang,cropped_59,happy,epi2
yawang,cropped_6,happy,epi2
yawang,cropped_60,sad,epi2
yawang,cropped_61,sad,epi2
yawang,cropped_62,surprise,epi2
yawang,cropped_63,fear,epi2
yawang,cropped_64,sad,epi2
yawang,cropped_65,sad,epi2
yawang,cropped_66,fear,epi2
yawang,cropped_67,fear,epi2
yawang,cropped_68,sad,epi2
yawang,cropped_69,sad,epi2
yawang,cropped_7,None,epi2
yawang,cropped_70,happy,epi2
yawang,cropped_71,None,epi2
yawang,cropped_72,fear,epi2
yawang,cropped_73,sad,epi2
yawang,cropped_74,sad,epi2
yawang,cropped_75,sad,epi2
yawang,cropped_76,sad,epi2
yawang,cropped_77,happy,epi2
yawang,cropped_78,sad,epi2
yawang,cropped_79,sad,epi2
yawang,cropped_8,fear,epi2
yawang,cropped_80,fear,epi2
yawang,cropped_81,sad,epi2
yawang,cropped_82,None,epi2
yawang,cropped_83,None,epi2
yawang,cropped_84,fear,epi2
yawang,cropped_85,sad,epi2
yawang,cropped_86,angry,epi2
yawang,cropped_87,fear,epi2
yawang,cropped_88,fear,epi2
yawang,cropped_89,surprise,epi2
yawang,cropped_9,None,epi2
yawang,cropped_90,fear,epi2
yawang,cropped_91,happy,epi2
yawang,cropped_92,sad,epi2
yawang,cropped_93,None,epi2
yawang,cropped_94,angry,epi2
yawang,cropped_95,None,epi2
yawang,cropped_96,happy,epi2
yawang,cropped_97,None,epi2
yawang,cropped_98,sad,epi2
yawang,cropped_99,None,epi2
yawang,cropped_1,fear,epi5
yawang,cropped_10,sad,epi5
yawang,cropped_100,sad,epi5
yawang,cropped_101,None,epi5
yawang,cropped_102,sad,epi5
yawang,cropped_103,None,epi5
yawang,cropped_104,sad,epi5
yawang,cropped_105,sad,epi5
yawang,cropped_106,happy,epi5
yawang,cropped_107,sad,epi5
yawang,cropped_108,sad,epi5
yawang,cropped_109,sad,epi5
yawang,cropped_11,sad,epi5
yawang,cropped_110,None,epi5
yawang,cropped_111,fear,epi5
yawang,cropped_112,None,epi5
yawang,cropped_113,None,epi5
yawang,cropped_114,None,epi5
yawang,cropped_115,sad,epi5
yawang,cropped_116,happy,epi5
yawang,cropped_117,None,epi5
yawang,cropped_118,sad,epi5
yawang,cropped_119,fear,epi5
yawang,cropped_12,None,epi5
yawang,cropped_120,happy,epi5
yawang,cropped_121,surprise,epi5
yawang,cropped_122,None,epi5
yawang,cropped_123,fear,epi5
yawang,cropped_124,None,epi5
yawang,cropped_125,happy,epi5
yawang,cropped_126,None,epi5
yawang,cropped_127,sad,epi5
yawang,cropped_128,happy,epi5
yawang,cropped_129,happy,epi5
yawang,cropped_13,sad,epi5
yawang,cropped_130,sad,epi5
yawang,cropped_131,happy,epi5
yawang,cropped_132,sad,epi5
yawang,cropped_133,None,epi5
yawang,cropped_134,None,epi5
yawang,cropped_135,sad,epi5
yawang,cropped_136,None,epi5
yawang,cropped_137,sad,epi5
yawang,cropped_14,angry,epi5
yawang,cropped_15,sad,epi5
yawang,cropped_16,fear,epi5
yawang,cropped_17,None,epi5
yawang,cropped_18,sad,epi5
yawang,cropped_19,sad,epi5
yawang,cropped_2,fear,epi5
yawang,cropped_20,fear,epi5
yawang,cropped_21,None,epi5
yawang,cropped_22,angry,epi5
yawang,cropped_23,sad,epi5
yawang,cropped_24,happy,epi5
yawang,cropped_25,fear,epi5
yawang,cropped_26,happy,epi5
yawang,cropped_27,sad,epi5
yawang,cropped_28,fear,epi5
yawang,cropped_29,angry,epi5
yawang,cropped_3,fear,epi5
yawang,cropped_30,fear,epi5
yawang,cropped_31,sad,epi5
yawang,cropped_32,happy,epi5
yawang,cropped_33,happy,epi5
yawang,cropped_34,happy,epi5
yawang,cropped_35,angry,epi5
yawang,cropped_36,fear,epi5
yawang,cropped_37,sad,epi5
yawang,cropped_38,sad,epi5
yawang,cropped_39,fear,epi5
yawang,cropped_4,fear,epi5
yawang,cropped_40,None,epi5
yawang,cropped_41,happy,epi5
yawang,cropped_42,happy,epi5
yawang,cropped_43,happy,epi5
yawang,cropped_44,fear,epi5
yawang,cropped_45,sad,epi5
yawang,cropped_46,sad,epi5
yawang,cropped_47,sad,epi5
yawang,cropped_48,angry,epi5
yawang,cropped_49,happy,epi5
yawang,cropped_5,happy,epi5
yawang,cropped_50,fear,epi5
yawang,cropped_51,None,epi5
yawang,cropped_52,sad,epi5
yawang,cropped_53,happy,epi5
yawang,cropped_54,angry,epi5
yawang,cropped_55,fear,epi5
yawang,cropped_56,sad,epi5
yawang,cropped_57,sad,epi5
yawang,cropped_58,None,epi5
yawang,cropped_59,fear,epi5
yawang,cropped_6,None,epi5
yawang,cropped_60,sad,epi5
yawang,cropped_61,sad,epi5
yawang,cropped_62,happy,epi5
yawang,cropped_63,happy,epi5
yawang,cropped_64,sad,epi5
yawang,cropped_65,None,epi5
yawang,cropped_66,happy,epi5
yawang,cropped_67,happy,epi5
yawang,cropped_68,happy,epi5
yawang,cropped_69,fear,epi5
yawang,cropped_7,happy,epi5
yawang,cropped_70,sad,epi5
yawang,cropped_71,surprise,epi5
yawang,cropped_72,sad,epi5
yawang,cropped_73,sad,epi5
yawang,cropped_74,sad,epi5
yawang,cropped_75,None,epi5
yawang,cropped_76,None,epi5
yawang,cropped_77,fear,epi5
yawang,cropped_78,sad,epi5
yawang,cropped_79,sad,epi5
yawang,cropped_8,fear,epi5
yawang,cropped_80,happy,epi5
yawang,cropped_81,sad,epi5
yawang,cropped_82,happy,epi5
yawang,cropped_83,angry,epi5
yawang,cropped_84,sad,epi5
yawang,cropped_85,None,epi5
yawang,cropped_86,happy,epi5
yawang,cropped_87,None,epi5
yawang,cropped_88,happy,epi5
yawang,cropped_89,sad,epi5
yawang,cropped_9,fear,epi5
yawang,cropped_90,fear,epi5
yawang,cropped_91,None,epi5
yawang,cropped_92,None,epi5
yawang,cropped_93,angry,epi5
yawang,cropped_94,fear,epi5
yawang,cropped_95,happy,epi5
yawang,cropped_96,sad,epi5
yawang,cropped_97,None,epi5
yawang,cropped_98,sad,epi5
yawang,cropped_99,happy,epi5
yawang,cropped_1,sad,epi18
yawang,cropped_10,fear,epi18
yawang,cropped_100,sad,epi18
yawang,cropped_11,None,epi18
yawang,cropped_12,sad,epi18
yawang,cropped_13,sad,epi18
yawang,cropped_14,sad,epi18
yawang,cropped_15,happy,epi18
yawang,cropped_16,sad,epi18
yawang,cropped_17,sad,epi18
yawang,cropped_18,sad,epi18
yawang,cropped_19,None,epi18
yawang,cropped_2,fear,epi18
yawang,cropped_20,angry,epi18
yawang,cropped_21,sad,epi18
yawang,cropped_22,fear,epi18
yawang,cropped_23,happy,epi18
yawang,cropped_24,sad,epi18
yawang,cropped_25,fear,epi18
yawang,cropped_26,None,epi18
yawang,cropped_27,surprise,epi18
yawang,cropped_28,None,epi18
yawang,cropped_29,fear,epi18
yawang,cropped_3,None,epi18
yawang,cropped_30,sad,epi18
yawang,cropped_31,sad,epi18
yawang,cropped_32,None,epi18
yawang,cropped_33,happy,epi18
yawang,cropped_34,None,epi18
yawang,cropped_35,None,epi18
yawang,cropped_36,happy,epi18
yawang,cropped_37,sad,epi18
yawang,cropped_38,happy,epi18
yawang,cropped_39,sad,epi18
yawang,cropped_4,None,epi18
yawang,cropped_40,fear,epi18
yawang,cropped_41,sad,epi18
yawang,cropped_42,None,epi18
yawang,cropped_43,sad,epi18
yawang,cropped_44,sad,epi18
yawang,cropped_45,sad,epi18
yawang,cropped_46,None,epi18
yawang,cropped_47,sad,epi18
yawang,cropped_48,fear,epi18
yawang,cropped_49,sad,epi18
yawang,cropped_5,sad,epi18
yawang,cropped_50,None,epi18
yawang,cropped_51,angry,epi18
yawang,cropped_52,fear,epi18
yawang,cropped_53,disgust,epi18
yawang,cropped_54,None,epi18
yawang,cropped_55,angry,epi18
yawang,cropped_56,happy,epi18
yawang,cropped_57,sad,epi18
yawang,cropped_58,happy,epi18
yawang,cropped_59,sad,epi18
yawang,cropped_6,None,epi18
yawang,cropped_60,sad,epi18
yawang,cropped_61,fear,epi18
yawang,cropped_62,sad,epi18
yawang,cropped_63,surprise,epi18
yawang,cropped_64,sad,epi18
yawang,cropped_65,None,epi18
yawang,cropped_66,sad,epi18
yawang,cropped_67,None,epi18
yawang,cropped_68,sad,epi18
yawang,cropped_69,fear,epi18
yawang,cropped_7,fear,epi18
yawang,cropped_70,sad,epi18
yawang,cropped_71,fear,epi18
yawang,cropped_72,happy,epi18
yawang,cropped_73,happy,epi18
yawang,cropped_74,None,epi18
yawang,cropped_75,happy,epi18
yawang,cropped_76,angry,epi18
yawang,cropped_77,None,epi18
yawang,cropped_78,None,epi18
yawang,cropped_79,sad,epi18
yawang,cropped_8,None,epi18
yawang,cropped_80,fear,epi18
yawang,cropped_81,sad,epi18
yawang,cropped_82,None,epi18
yawang,cropped_83,surprise,epi18
yawang,cropped_84,happy,epi18
yawang,cropped_85,fear,epi18
yawang,cropped_86,sad,epi18
yawang,cropped_87,happy,epi18
yawang,cropped_88,surprise,epi18
yawang,cropped_89,sad,epi18
yawang,cropped_9,fear,epi18
yawang,cropped_90,fear,epi18
yawang,cropped_91,fear,epi18
yawang,cropped_92,sad,epi18
yawang,cropped_93,sad,epi18
yawang,cropped_94,surprise,epi18
yawang,cropped_95,None,epi18
yawang,cropped_96,sad,epi18
yawang,cropped_97,sad,epi18
yawang,cropped_98,happy,epi18
yawang,cropped_99,sad,epi18
yawang,cropped_1,fear,epi20
yawang,cropped_10,None,epi20
yawang,cropped_100,happy,epi20
yawang,cropped_11,happy,epi20
yawang,cropped_12,sad,epi20
yawang,cropped_13,sad,epi20
yawang,cropped_14,None,epi20
yawang,cropped_15,sad,epi20
yawang,cropped_16,sad,epi20
yawang,cropped_17,None,epi20
yawang,cropped_18,None,epi20
yawang,cropped_19,surprise,epi20
yawang,cropped_2,fear,epi20
yawang,cropped_20,None,epi20
yawang,cropped_21,happy,epi20
yawang,cropped_22,sad,epi20
yawang,cropped_23,fear,epi20
yawang,cropped_24,sad,epi20
yawang,cropped_25,fear,epi20
yawang,cropped_26,None,epi20
yawang,cropped_27,None,epi20
yawang,cropped_28,None,epi20
yawang,cropped_29,None,epi20
yawang,cropped_3,sad,epi20
yawang,cropped_30,None,epi20
yawang,cropped_31,sad,epi20
yawang,cropped_32,happy,epi20
yawang,cropped_33,happy,epi20
yawang,cropped_34,None,epi20
yawang,cropped_35,sad,epi20
yawang,cropped_36,angry,epi20
yawang,cropped_37,sad,epi20
yawang,cropped_38,fear,epi20
yawang,cropped_39,sad,epi20
yawang,cropped_4,None,epi20
yawang,cropped_40,None,epi20
yawang,cropped_41,surprise,epi20
yawang,cropped_42,happy,epi20
yawang,cropped_43,happy,epi20
yawang,cropped_44,happy,epi20
yawang,cropped_45,sad,epi20
yawang,cropped_46,fear,epi20
yawang,cropped_47,angry,epi20
yawang,cropped_48,sad,epi20
yawang,cropped_49,happy,epi20
yawang,cropped_5,sad,epi20
yawang,cropped_50,happy,epi20
yawang,cropped_51,sad,epi20
yawang,cropped_52,happy,epi20
yawang,cropped_53,happy,epi20
yawang,cropped_54,None,epi20
yawang,cropped_55,sad,epi20
yawang,cropped_56,sad,epi20
yawang,cropped_57,sad,epi20
yawang,cropped_58,None,epi20
yawang,cropped_59,sad,epi20
yawang,cropped_6,sad,epi20
yawang,cropped_60,None,epi20
yawang,cropped_61,None,epi20
yawang,cropped_62,sad,epi20
yawang,cropped_63,sad,epi20
yawang,cropped_64,sad,epi20
yawang,cropped_65,happy,epi20
yawang,cropped_66,happy,epi20
yawang,cropped_67,None,epi20
yawang,cropped_68,fear,epi20
yawang,cropped_69,None,epi20
yawang,cropped_7,None,epi20
yawang,cropped_70,fear,epi20
yawang,cropped_71,sad,epi20
yawang,cropped_72,sad,epi20
yawang,cropped_73,happy,epi20
yawang,cropped_74,sad,epi20
yawang,cropped_75,None,epi20
yawang,cropped_76,happy,epi20
yawang,cropped_77,sad,epi20
yawang,cropped_78,happy,epi20
yawang,cropped_79,fear,epi20
yawang,cropped_8,fear,epi20
yawang,cropped_80,fear,epi20
yawang,cropped_81,sad,epi20
yawang,cropped_82,sad,epi20
yawang,cropped_83,None,epi20
yawang,cropped_84,fear,epi20
yawang,cropped_85,happy,epi20
yawang,cropped_86,sad,epi20
yawang,cropped_87,None,epi20
yawang,cropped_88,angry,epi20
yawang,cropped_89,None,epi20
yawang,cropped_9,fear,epi20
yawang,cropped_90,happy,epi20
yawang,cropped_91,None,epi20
yawang,cropped_92,fear,epi20
yawang,cropped_93,happy,epi20
yawang,cropped_94,None,epi20
yawang,cropped_95,happy,epi20
yawang,cropped_96,happy,epi20
yawang,cropped_97,happy,epi20
yawang,cropped_98,sad,epi20
yawang,cropped_99,sad,epi20
yawang,cropped_1,sad,epi16
yawang,cropped_10,fear,epi16
yawang,cropped_100,sad,epi16
yawang,cropped_11,sad,epi16
yawang,cropped_12,fear,epi16
yawang,cropped_13,sad,epi16
yawang,cropped_14,None,epi16
yawang,cropped_15,sad,epi16
yawang,cropped_16,fear,epi16
yawang,cropped_17,sad,epi16
yawang,cropped_18,sad,epi16
yawang,cropped_19,sad,epi16
yawang,cropped_2,sad,epi16
yawang,cropped_20,None,epi16
yawang,cropped_21,sad,epi16
yawang,cropped_22,sad,epi16
yawang,cropped_23,fear,epi16
yawang,cropped_24,happy,epi16
yawang,cropped_25,fear,epi16
yawang,cropped_26,sad,epi16
yawang,cropped_27,fear,epi16
yawang,cropped_28,disgust,epi16
yawang,cropped_29,surprise,epi16
yawang,cropped_3,None,epi16
yawang,cropped_30,None,epi16
yawang,cropped_31,sad,epi16
yawang,cropped_32,disgust,epi16
yawang,cropped_33,surprise,epi16
yawang,cropped_34,None,epi16
yawang,cropped_35,fear,epi16
yawang,cropped_36,happy,epi16
yawang,cropped_37,fear,epi16
yawang,cropped_38,sad,epi16
yawang,cropped_39,sad,epi16
yawang,cropped_4,sad,epi16
yawang,cropped_40,None,epi16
yawang,cropped_41,sad,epi16
yawang,cropped_42,happy,epi16
yawang,cropped_43,None,epi16
yawang,cropped_44,happy,epi16
yawang,cropped_45,None,epi16
yawang,cropped_46,fear,epi16
yawang,cropped_47,sad,epi16
yawang,cropped_48,happy,epi16
yawang,cropped_49,happy,epi16
yawang,cropped_5,sad,epi16
yawang,cropped_50,fear,epi16
yawang,cropped_51,angry,epi16
yawang,cropped_52,angry,epi16
yawang,cropped_53,sad,epi16
yawang,cropped_54,None,epi16
yawang,cropped_55,sad,epi16
yawang,cropped_56,surprise,epi16
yawang,cropped_57,sad,epi16
yawang,cropped_58,fear,epi16
yawang,cropped_59,happy,epi16
yawang,cropped_6,happy,epi16
yawang,cropped_60,fear,epi16
yawang,cropped_61,happy,epi16
yawang,cropped_62,sad,epi16
yawang,cropped_63,happy,epi16
yawang,cropped_64,sad,epi16
yawang,cropped_65,sad,epi16
yawang,cropped_66,angry,epi16
yawang,cropped_67,fear,epi16
yawang,cropped_68,sad,epi16
yawang,cropped_69,None,epi16
yawang,cropped_7,happy,epi16
yawang,cropped_70,happy,epi16
yawang,cropped_71,sad,epi16
yawang,cropped_72,angry,epi16
yawang,cropped_73,sad,epi16
yawang,cropped_74,None,epi16
yawang,cropped_75,None,epi16
yawang,cropped_76,happy,epi16
yawang,cropped_77,surprise,epi16
yawang,cropped_78,sad,epi16
yawang,cropped_79,sad,epi16
yawang,cropped_8,None,epi16
yawang,cropped_80,sad,epi16
yawang,cropped_81,fear,epi16
yawang,cropped_82,happy,epi16
yawang,cropped_83,sad,epi16
yawang,cropped_84,happy,epi16
yawang,cropped_85,happy,epi16
yawang,cropped_86,happy,epi16
yawang,cropped_87,sad,epi16
yawang,cropped_88,sad,epi16
yawang,cropped_89,None,epi16
yawang,cropped_9,happy,epi16
yawang,cropped_90,sad,epi16
yawang,cropped_91,sad,epi16
yawang,cropped_92,happy,epi16
yawang,cropped_93,fear,epi16
yawang,cropped_94,None,epi16
yawang,cropped_95,fear,epi16
yawang,cropped_96,sad,epi16
yawang,cropped_97,fear,epi16
yawang,cropped_98,surprise,epi16
yawang,cropped_99,sad,epi16
yawang,cropped_1,None,epi11
yawang,cropped_10,None,epi11
yawang,cropped_100,fear,epi11
yawang,cropped_11,fear,epi11
yawang,cropped_12,fear,epi11
yawang,cropped_13,angry,epi11
yawang,cropped_14,sad,epi11
yawang,cropped_15,surprise,epi11
yawang,cropped_16,fear,epi11
yawang,cropped_17,sad,epi11
yawang,cropped_18,None,epi11
yawang,cropped_19,happy,epi11
yawang,cropped_2,fear,epi11
yawang,cropped_20,None,epi11
yawang,cropped_21,sad,epi11
yawang,cropped_22,sad,epi11
yawang,cropped_23,sad,epi11
yawang,cropped_24,sad,epi11
yawang,cropped_25,disgust,epi11
yawang,cropped_26,happy,epi11
yawang,cropped_27,sad,epi11
yawang,cropped_28,happy,epi11
yawang,cropped_29,sad,epi11
yawang,cropped_3,None,epi11
yawang,cropped_30,None,epi11
yawang,cropped_31,sad,epi11
yawang,cropped_32,happy,epi11
yawang,cropped_33,surprise,epi11
yawang,cropped_34,None,epi11
yawang,cropped_35,fear,epi11
yawang,cropped_36,fear,epi11
yawang,cropped_37,fear,epi11
yawang,cropped_38,fear,epi11
yawang,cropped_39,happy,epi11
yawang,cropped_4,None,epi11
yawang,cropped_40,sad,epi11
yawang,cropped_41,happy,epi11
yawang,cropped_42,happy,epi11
yawang,cropped_43,happy,epi11
yawang,cropped_44,None,epi11
yawang,cropped_45,None,epi11
yawang,cropped_46,sad,epi11
yawang,cropped_47,sad,epi11
yawang,cropped_48,None,epi11
yawang,cropped_49,sad,epi11
yawang,cropped_5,sad,epi11
yawang,cropped_50,fear,epi11
yawang,cropped_51,fear,epi11
yawang,cropped_52,sad,epi11
yawang,cropped_53,None,epi11
yawang,cropped_54,fear,epi11
yawang,cropped_55,happy,epi11
yawang,cropped_56,happy,epi11
yawang,cropped_57,sad,epi11
yawang,cropped_58,sad,epi11
yawang,cropped_59,sad,epi11
yawang,cropped_6,sad,epi11
yawang,cropped_60,fear,epi11
yawang,cropped_61,happy,epi11
yawang,cropped_62,happy,epi11
yawang,cropped_63,fear,epi11
yawang,cropped_64,happy,epi11
yawang,cropped_65,sad,epi11
yawang,cropped_66,happy,epi11
yawang,cropped_67,sad,epi11
yawang,cropped_68,happy,epi11
yawang,cropped_69,None,epi11
yawang,cropped_7,sad,epi11
yawang,cropped_70,sad,epi11
yawang,cropped_71,None,epi11
yawang,cropped_72,None,epi11
yawang,cropped_73,happy,epi11
yawang,cropped_74,sad,epi11
yawang,cropped_75,None,epi11
yawang,cropped_76,surprise,epi11
yawang,cropped_77,happy,epi11
yawang,cropped_78,fear,epi11
yawang,cropped_79,sad,epi11
yawang,cropped_8,fear,epi11
yawang,cropped_80,surprise,epi11
yawang,cropped_81,sad,epi11
yawang,cropped_82,sad,epi11
yawang,cropped_83,fear,epi11
yawang,cropped_84,sad,epi11
yawang,cropped_85,None,epi11
yawang,cropped_86,fear,epi11
yawang,cropped_87,sad,epi11
yawang,cropped_88,sad,epi11
yawang,cropped_89,sad,epi11
yawang,cropped_9,fear,epi11
yawang,cropped_90,sad,epi11
yawang,cropped_91,surprise,epi11
yawang,cropped_92,fear,epi11
yawang,cropped_93,sad,epi11
yawang,cropped_94,sad,epi11
yawang,cropped_95,happy,epi11
yawang,cropped_96,happy,epi11
yawang,cropped_97,happy,epi11
yawang,cropped_98,fear,epi11
yawang,cropped_99,sad,epi11
yawang,cropped_1,sad,epi10
yawang,cropped_10,angry,epi10
yawang,cropped_100,fear,epi10
yawang,cropped_11,fear,epi10
yawang,cropped_12,None,epi10
yawang,cropped_13,sad,epi10
yawang,cropped_14,None,epi10
yawang,cropped_15,fear,epi10
yawang,cropped_16,sad,epi10
yawang,cropped_17,surprise,epi10
yawang,cropped_18,happy,epi10
yawang,cropped_19,None,epi10
yawang,cropped_2,fear,epi10
yawang,cropped_20,happy,epi10
yawang,cropped_21,fear,epi10
yawang,cropped_22,fear,epi10
yawang,cropped_23,sad,epi10
yawang,cropped_24,sad,epi10
yawang,cropped_25,happy,epi10
yawang,cropped_26,happy,epi10
yawang,cropped_27,angry,epi10
yawang,cropped_28,sad,epi10
yawang,cropped_29,fear,epi10
yawang,cropped_3,sad,epi10
yawang,cropped_30,happy,epi10
yawang,cropped_31,happy,epi10
yawang,cropped_32,sad,epi10
yawang,cropped_33,sad,epi10
yawang,cropped_34,fear,epi10
yawang,cropped_35,sad,epi10
yawang,cropped_36,happy,epi10
yawang,cropped_37,happy,epi10
yawang,cropped_38,fear,epi10
yawang,cropped_39,sad,epi10
yawang,cropped_4,happy,epi10
yawang,cropped_40,happy,epi10
yawang,cropped_41,fear,epi10
yawang,cropped_42,sad,epi10
yawang,cropped_43,happy,epi10
yawang,cropped_44,sad,epi10
yawang,cropped_45,surprise,epi10
yawang,cropped_46,sad,epi10
yawang,cropped_47,happy,epi10
yawang,cropped_48,sad,epi10
yawang,cropped_49,happy,epi10
yawang,cropped_5,fear,epi10
yawang,cropped_50,sad,epi10
yawang,cropped_51,happy,epi10
yawang,cropped_52,sad,epi10
yawang,cropped_53,fear,epi10
yawang,cropped_54,fear,epi10
yawang,cropped_55,fear,epi10
yawang,cropped_56,sad,epi10
yawang,cropped_57,happy,epi10
yawang,cropped_58,fear,epi10
yawang,cropped_59,fear,epi10
yawang,cropped_6,sad,epi10
yawang,cropped_60,fear,epi10
yawang,cropped_61,sad,epi10
yawang,cropped_62,sad,epi10
yawang,cropped_63,sad,epi10
yawang,cropped_64,sad,epi10
yawang,cropped_65,sad,epi10
yawang,cropped_66,sad,epi10
yawang,cropped_67,sad,epi10
yawang,cropped_68,sad,epi10
yawang,cropped_69,angry,epi10
yawang,cropped_7,None,epi10
yawang,cropped_70,None,epi10
yawang,cropped_71,None,epi10
yawang,cropped_72,sad,epi10
yawang,cropped_73,sad,epi10
yawang,cropped_74,fear,epi10
yawang,cropped_75,surprise,epi10
yawang,cropped_76,fear,epi10
yawang,cropped_77,happy,epi10
yawang,cropped_78,happy,epi10
yawang,cropped_79,sad,epi10
yawang,cropped_8,happy,epi10
yawang,cropped_80,sad,epi10
yawang,cropped_81,sad,epi10
yawang,cropped_82,None,epi10
yawang,cropped_83,None,epi10
yawang,cropped_84,happy,epi10
yawang,cropped_85,fear,epi10
yawang,cropped_86,happy,epi10
yawang,cropped_87,None,epi10
yawang,cropped_88,sad,epi10
yawang,cropped_89,fear,epi10
yawang,cropped_9,None,epi10
yawang,cropped_90,sad,epi10
yawang,cropped_91,fear,epi10
yawang,cropped_92,sad,epi10
yawang,cropped_93,sad,epi10
yawang,cropped_94,sad,epi10
yawang,cropped_95,sad,epi10
yawang,cropped_96,fear,epi10
yawang,cropped_97,happy,epi10
yawang,cropped_98,sad,epi10
yawang,cropped_99,fear,epi10
yawang,cropped_1,happy,epi17
yawang,cropped_10,sad,epi17
yawang,cropped_100,None,epi17
yawang,cropped_11,None,epi17
yawang,cropped_12,fear,epi17
yawang,cropped_13,None,epi17
yawang,cropped_14,fear,epi17
yawang,cropped_15,surprise,epi17
yawang,cropped_16,None,epi17
yawang,cropped_17,sad,epi17
yawang,cropped_18,None,epi17
yawang,cropped_19,sad,epi17
yawang,cropped_2,sad,epi17
yawang,cropped_20,None,epi17
yawang,cropped_21,None,epi17
yawang,cropped_22,sad,epi17
yawang,cropped_23,sad,epi17
yawang,cropped_24,happy,epi17
yawang,cropped_25,None,epi17
yawang,cropped_26,None,epi17
yawang,cropped_27,None,epi17
yawang,cropped_28,None,epi17
yawang,cropped_29,surprise,epi17
yawang,cropped_3,surprise,epi17
yawang,cropped_30,surprise,epi17
yawang,cropped_31,happy,epi17
yawang,cropped_32,None,epi17
yawang,cropped_33,sad,epi17
yawang,cropped_34,fear,epi17
yawang,cropped_35,sad,epi17
yawang,cropped_36,sad,epi17
yawang,cropped_37,sad,epi17
yawang,cropped_38,sad,epi17
yawang,cropped_39,None,epi17
yawang,cropped_4,sad,epi17
yawang,cropped_40,sad,epi17
yawang,cropped_41,fear,epi17
yawang,cropped_42,angry,epi17
yawang,cropped_43,sad,epi17
yawang,cropped_44,sad,epi17
yawang,cropped_45,sad,epi17
yawang,cropped_46,sad,epi17
yawang,cropped_47,None,epi17
yawang,cropped_48,sad,epi17
yawang,cropped_49,None,epi17
yawang,cropped_5,fear,epi17
yawang,cropped_50,happy,epi17
yawang,cropped_51,sad,epi17
yawang,cropped_52,fear,epi17
yawang,cropped_53,sad,epi17
yawang,cropped_54,None,epi17
yawang,cropped_55,sad,epi17
yawang,cropped_56,angry,epi17
yawang,cropped_57,happy,epi17
yawang,cropped_58,fear,epi17
yawang,cropped_59,fear,epi17
yawang,cropped_6,happy,epi17
yawang,cropped_60,sad,epi17
yawang,cropped_61,fear,epi17
yawang,cropped_62,None,epi17
yawang,cropped_63,sad,epi17
yawang,cropped_64,sad,epi17
yawang,cropped_65,None,epi17
yawang,cropped_66,angry,epi17
yawang,cropped_67,happy,epi17
yawang,cropped_68,sad,epi17
yawang,cropped_69,happy,epi17
yawang,cropped_7,None,epi17
yawang,cropped_70,happy,epi17
yawang,cropped_71,sad,epi17
yawang,cropped_72,happy,epi17
yawang,cropped_73,happy,epi17
yawang,cropped_74,fear,epi17
yawang,cropped_75,sad,epi17
yawang,cropped_76,fear,epi17
yawang,cropped_77,None,epi17
yawang,cropped_78,fear,epi17
yawang,cropped_79,fear,epi17
yawang,cropped_8,sad,epi17
yawang,cropped_80,fear,epi17
yawang,cropped_81,angry,epi17
yawang,cropped_82,happy,epi17
yawang,cropped_83,sad,epi17
yawang,cropped_84,happy,epi17
yawang,cropped_85,sad,epi17
yawang,cropped_86,happy,epi17
yawang,cropped_87,sad,epi17
yawang,cropped_88,sad,epi17
yawang,cropped_89,None,epi17
yawang,cropped_9,sad,epi17
yawang,cropped_90,fear,epi17
yawang,cropped_91,fear,epi17
yawang,cropped_92,happy,epi17
yawang,cropped_93,fear,epi17
yawang,cropped_94,sad,epi17
yawang,cropped_95,sad,epi17
yawang,cropped_96,happy,epi17
yawang,cropped_97,sad,epi17
yawang,cropped_98,sad,epi17
yawang,cropped_99,sad,epi17
yawang,cropped_1,happy,epi21
yawang,cropped_10,sad,epi21
yawang,cropped_100,happy,epi21
yawang,cropped_11,fear,epi21
yawang,cropped_12,happy,epi21
yawang,cropped_13,angry,epi21
yawang,cropped_14,sad,epi21
yawang,cropped_15,fear,epi21
yawang,cropped_16,fear,epi21
yawang,cropped_17,surprise,epi21
yawang,cropped_18,happy,epi21
yawang,cropped_19,angry,epi21
yawang,cropped_2,sad,epi21
yawang,cropped_20,sad,epi21
yawang,cropped_21,surprise,epi21
yawang,cropped_22,None,epi21
yawang,cropped_23,happy,epi21
yawang,cropped_24,surprise,epi21
yawang,cropped_25,surprise,epi21
yawang,cropped_26,happy,epi21
yawang,cropped_27,fear,epi21
yawang,cropped_28,sad,epi21
yawang,cropped_29,None,epi21
yawang,cropped_3,angry,epi21
yawang,cropped_30,happy,epi21
yawang,cropped_31,happy,epi21
yawang,cropped_32,sad,epi21
yawang,cropped_33,None,epi21
yawang,cropped_34,None,epi21
yawang,cropped_35,None,epi21
yawang,cropped_36,sad,epi21
yawang,cropped_37,happy,epi21
yawang,cropped_38,sad,epi21
yawang,cropped_39,None,epi21
yawang,cropped_4,fear,epi21
yawang,cropped_40,happy,epi21
yawang,cropped_41,sad,epi21
yawang,cropped_42,fear,epi21
yawang,cropped_43,fear,epi21
yawang,cropped_44,fear,epi21
yawang,cropped_45,sad,epi21
yawang,cropped_46,fear,epi21
yawang,cropped_47,sad,epi21
yawang,cropped_48,sad,epi21
yawang,cropped_49,sad,epi21
yawang,cropped_5,happy,epi21
yawang,cropped_50,fear,epi21
yawang,cropped_51,sad,epi21
yawang,cropped_52,angry,epi21
yawang,cropped_53,sad,epi21
yawang,cropped_54,sad,epi21
yawang,cropped_55,sad,epi21
yawang,cropped_56,None,epi21
yawang,cropped_57,sad,epi21
yawang,cropped_58,sad,epi21
yawang,cropped_59,sad,epi21
yawang,cropped_6,None,epi21
yawang,cropped_60,happy,epi21
yawang,cropped_61,sad,epi21
yawang,cropped_62,None,epi21
yawang,cropped_63,None,epi21
yawang,cropped_64,angry,epi21
yawang,cropped_65,fear,epi21
yawang,cropped_66,None,epi21
yawang,cropped_67,None,epi21
yawang,cropped_68,None,epi21
yawang,cropped_69,angry,epi21
yawang,cropped_7,surprise,epi21
yawang,cropped_70,happy,epi21
yawang,cropped_71,sad,epi21
yawang,cropped_72,sad,epi21
yawang,cropped_73,None,epi21
yawang,cropped_74,angry,epi21
yawang,cropped_75,sad,epi21
yawang,cropped_76,None,epi21
yawang,cropped_77,sad,epi21
yawang,cropped_78,angry,epi21
yawang,cropped_79,sad,epi21
yawang,cropped_8,None,epi21
yawang,cropped_80,sad,epi21
yawang,cropped_81,sad,epi21
yawang,cropped_82,fear,epi21
yawang,cropped_83,sad,epi21
yawang,cropped_84,sad,epi21
yawang,cropped_85,fear,epi21
yawang,cropped_86,None,epi21
yawang,cropped_87,disgust,epi21
yawang,cropped_88,angry,epi21
yawang,cropped_89,disgust,epi21
yawang,cropped_9,sad,epi21
yawang,cropped_90,surprise,epi21
yawang,cropped_91,angry,epi21
yawang,cropped_92,fear,epi21
yawang,cropped_93,happy,epi21
yawang,cropped_94,fear,epi21
yawang,cropped_95,sad,epi21
yawang,cropped_96,sad,epi21
yawang,cropped_97,angry,epi21
yawang,cropped_98,sad,epi21
yawang,cropped_99,happy,epi21
,cropped_1,fear,epi19
,cropped_10,surprise,epi19
,cropped_100,None,epi19
,cropped_11,sad,epi19
,cropped_12,None,epi19
,cropped_13,None,epi19
,cropped_14,None,epi19
,cropped_15,None,epi19
,cropped_16,sad,epi19
,cropped_17,sad,epi19
,cropped_18,None,epi19
,cropped_19,fear,epi19
,cropped_2,sad,epi19
,cropped_20,None,epi19
,cropped_21,sad,epi19
,cropped_22,sad,epi19
,cropped_23,sad,epi19
,cropped_24,sad,epi19
,cropped_25,sad,epi19
,cropped_26,happy,epi19
,cropped_27,sad,epi19
,cropped_28,angry,epi19
,cropped_29,sad,epi19
,cropped_3,None,epi19
,cropped_30,sad,epi19
,cropped_31,sad,epi19
,cropped_32,fear,epi19
,cropped_33,sad,epi19
,cropped_34,None,epi19
,cropped_35,sad,epi19
,cropped_36,sad,epi19
,cropped_37,sad,epi19
,cropped_38,fear,epi19
,cropped_39,None,epi19
,cropped_4,surprise,epi19
,cropped_40,sad,epi19
,cropped_41,happy,epi19
,cropped_42,fear,epi19
,cropped_43,None,epi19
,cropped_44,sad,epi19
,cropped_45,sad,epi19
,cropped_46,sad,epi19
,cropped_47,None,epi19
,cropped_48,None,epi19
,cropped_49,sad,epi19
,cropped_5,None,epi19
,cropped_50,sad,epi19
,cropped_51,sad,epi19
,cropped_52,None,epi19
,cropped_53,fear,epi19
,cropped_54,None,epi19
,cropped_55,fear,epi19
,cropped_56,sad,epi19
,cropped_57,angry,epi19
,cropped_58,fear,epi19
,cropped_59,None,epi19
,cropped_6,angry,epi19
,cropped_60,sad,epi19
,cropped_61,sad,epi19
,cropped_62,happy,epi19
,cropped_63,fear,epi19
,cropped_64,fear,epi19
,cropped_65,sad,epi19
,cropped_66,happy,epi19
,cropped_67,sad,epi19
,cropped_68,fear,epi19
,cropped_69,happy,epi19
,cropped_7,None,epi19
,cropped_70,happy,epi19
,cropped_71,sad,epi19
,cropped_72,sad,epi19
,cropped_73,sad,epi19
,cropped_74,happy,epi19
,cropped_75,None,epi19
,cropped_76,sad,epi19
,cropped_77,sad,epi19
,cropped_78,fear,epi19
,cropped_79,angry,epi19
,cropped_8,happy,epi19
,cropped_80,fear,epi19
,cropped_81,happy,epi19
,cropped_82,sad,epi19
,cropped_83,happy,epi19
,cropped_84,happy,epi19
,cropped_85,fear,epi19
,cropped_86,fear,epi19
,cropped_87,happy,epi19
,cropped_88,None,epi19
,cropped_89,sad,epi19
,cropped_9,None,epi19
,cropped_90,sad,epi19
,cropped_91,fear,epi19
,cropped_92,sad,epi19
,cropped_93,sad,epi19
,cropped_94,sad,epi19
,cropped_95,sad,epi19
,cropped_96,None,epi19
,cropped_97,fear,epi19
,cropped_98,fear,epi19
,cropped_99,fear,epi19
